file,level,label_name,
targets,year,calendar year,
targets,nyear,year,
targets,agerange,age,
targets,sex,sex,
targets,tpopr,US population,
targets,tpoprx,Total pop DE,
targets,chdhac1p,DH (1-10) pop,
targets,chdhacp,DH (11-17) pop,
targets,tpopdhwostrk,CHD pop,
targets,nndiabetes,Diabetes prevalence (DE),
targets,nnhf,NIHF prevalence (DE),
targets,pnchd,Incident CHD,
targets,diabinc,Incident diabetes (DE),
targets,hfinc,Incident NIHF (DE),
targets,incihf,Incident IHF,
targets,incihfdh,Incident IHF (DH),
targets,incihfbrdh,Incident IHF (BrDH),
targets,incnihf,Incident NIHF,
targets,incnihfdh,Incident NIHF (DH),
targets,incnihfbrdh,Incident NIHF (BrDH),
targets,cnwevt,Total events,
targets,totmi,Total MI,
targets,brgcvd12,Incident MI,
targets,dhmi,DH MI,
targets,dhmi1,DH First MI (Angina),
targets,dhmif,First MI,
targets,dhmi2,DH 2nd MI,
targets,dhmire,DH reMI,
targets,dhmistrok,DH MI(stroke),
targets,totar,Total arrest,
targets,brgcvdarr,Incident arrest,
targets,totang,Total angina,
targets,totstrokes,Total stroke,
targets,totstrok,Total ischemic stroke ,
targets,astrokde,Incident IS,
targets,dhstrok1,First IS (DH),
targets,dhstrokre,Recurrent stroke,
targets,tothstrok,Total hem stroke,
targets,ahstrokde,Incident HS,
targets,dhhstrok1,First HS (DH),
targets,dhhstrokre,Recurrent HS,
targets,tothf,Total HF ,
targets,totihf,Total IHF ,
targets,brgcvdihf,Incident IHF (Br) ,
targets,dhihft,DH IHF,
targets,dhihf1,First IHF (DH),
targets,totnihf,Total NIHF ,
targets,brgcvdnihf,Incident NIHF (Br),
targets,dhnihft,DH NIHF ,
targets,dhnihf1,First NIHF (DH) ,
targets,nncabg1,AMI+CABG ,
targets,nnptca1,AMI+PCI ,
targets,nncabg2,Isolated PCI ,
targets,nnptca2,Isolated CABG ,
targets,brgcvdptca,AMI+PCI (Bridge),
targets,brgcvdcabg,AMI+CABG (Bridge),
targets,brgcvd12nohf,Incident MI (No HF),
targets,brgcvd12hf,Incident MI (HF) ,
targets,astnod,Total deaths ,
targets,tnonchd,Non-CVD death ,
targets,astnodo,Non-CVD death (DE) ,
targets,tnodnonh,Non-CVD death (DH) ,
targets,chdasd,CHD Deaths,
targets,newtde,CHD deaths (Bridge) ,
targets,chdhac,Acute CHD death (DH 11-17) ,
targets,chdhac1,Acute CHD death (DH 1-10) ,
targets,totdeami,Acute CHD deaths (MI) ,
targets,totbdgmi,Bridge MI deaths,
targets,totdeaar,Acute CHD deaths (Arrest)  ,
targets,totbdgar,Bridge arrest in-hospital deaths,
targets,arrph,Arrest deaths pre-hospital ,
targets,totdearv,Acute CHD deaths (Revasc)  ,
targets,chdhc,Chronic CHD death ,
targets,totstrokdeath,Total stroke deaths,
targets,tdeastrok,Total IS deaths ,
targets,totbdgis,Acute IS deaths ,
targets,tdeahstrok,Total HS deaths ,
targets,totbdghs,Acute HS deaths ,
targets,totdeahf,Total acute deaths (with HF) ,
targets,totdeaihf,Total acute deaths (with IHF),
targets,totbdgihf,Bridge IHF deaths,
targets,totdhdeaihf,DH IHF deaths) ,
targets,chdhf,Chronic IHF deaths ,
targets,chdisolihf,Isolated IHF deaths ,
targets,totdeanihf,Total acute deaths (with NIHF)  ,
targets,totbdgnihf,Bridge NIHF deaths,
targets,totdhdeanihf,DH NIHF deaths ,
targets,chdisolnihf,Isolated NIHF deaths ,
targets,cvdpop1,DH angina,
targets,cvdpop2,DH angina_hf,
targets,cvdpop3,DH mi,
targets,cvdpop4,DH mi_hf,
targets,cvdpop5,DH tbd,
targets,cvdpop6,DH tbd,
targets,cvdpop7,DH stroke_hf,
targets,cvdpop8,DH mi_stroke_hf,
targets,cvdpop9,DH stroke  ,
targets,cvdpop10,DH mi_stroke ,
targets,cvdpop11,BrDH mi,
targets,cvdpop12,BrDH tbd,
targets,cvdpop13,BrDH arrest  ,
targets,cvdpop14,BrDH angina,
targets,cvdpop15,BrDH mirev,
targets,cvdpop16,BrDH is,
targets,cvdpop17,BrDH hs,
targets,cvdpop18,BrDH revasc,
targets,cvdpop19,BrDH mi_hf,
targets,cvdpop20,BrDH arrest _hf ,
targets,cvdpop21,BrDH angina_hf,
targets,cvdpop22,BrDH mirev_hf,
targets,cvdpop23,BrDH is_hf,
targets,cvdpop24,BrDH hs_hf,
targets,cvdpop25,BrDH revasc_hf,
totresults,year,calendar year,
totresults,nyear,year,
totresults,agerange,age,
totresults,sex,sex,
totresults,cvdbrangt,BR  angina,
totresults,cvdbrang,BR  angina no hf,
totresults,cvdbranghf,BR  angina hf,
totresults,cvdbrmit,BR  MI,
totresults,cvdbrmi,BR  MI no hf,
totresults,cvdbrmihf,BR  MI hf,
totresults,cvdbrist,BR  IS,
totresults,cvdbris,BR  IS no hf,
totresults,cvdbrishf,BR  IS hf,
totresults,cvdbrhst,BR  HS,
totresults,cvdbrhs,BR  HS no hf,
totresults,cvdbrhshf,BR  HS hf,
totresults,cvdbrhft,BR  HF,
totresults,cvdbrihf,BR  IHF,
totresults,cvdbrnihf,BR  NIHF,
totresults,surbrangt,BR surv angina,
totresults,surbrang,BR surv angina no hf,
totresults,surbranghf,BR surv angina hf,
totresults,surbrmit,BR surv MI,
totresults,surbrmi,BR surv MI no hf,
totresults,surbrmihf,BR surv MI hf,
totresults,surbrist,BR surv IS,
totresults,surbris,BR surv IS no hf,
totresults,surbrishf,BR surv IS hf,
totresults,surbrhst,BR surv HS,
totresults,surbrhs,BR surv HS no hf,
totresults,surbrhshf,BR surv HS hf,
totresults,surbrhft,BR surv HF,
totresults,surbrihf,BR surv IHF,
totresults,surbrnihf,BR surv NIHF,
totresults,deabrangt,BR die angina,
totresults,deabrang,BR die angina no hf,
totresults,deabranghf,BR die angina hf,
totresults,deabrmit,BR die MI,
totresults,deabrmi,BR die MI no hf,
totresults,deabrmihf,BR die MI hf,
totresults,deabrist,BR die IS,
totresults,deabris,BR die IS no hf,
totresults,deabrishf,BR die IS hf,
totresults,deabrhst,BR die HS,
totresults,deabrhs,BR die HS no hf,
totresults,deabrhshf,BR die HS hf,
totresults,deabrhft,BR die HF,
totresults,deabrihf,BR die IHF,
totresults,deabrnihf,BR die NIHF,
totresults,cvdbrdhangt,BrDH  angina,
totresults,cvdbrdhang,BrDH  angina no hf,
totresults,cvdbrdhanghf,BrDH  angina hf,
totresults,cvdbrdhmit,BrDH  MI,
totresults,cvdbrdhmi,BrDH  MI no hf,
totresults,cvdbrdhmihf,BrDH  MI hf,
totresults,cvdbrdhist,BrDH  IS,
totresults,cvdbrdhis,BrDH  IS no hf,
totresults,cvdbrdhishf,BrDH  IS hf,
totresults,cvdbrdhhst,BrDH  HS,
totresults,cvdbrdhhs,BrDH  HS no hf,
totresults,cvdbrdhhshf,BrDH  HS hf,
totresults,cvdbrdhhft,BrDH  HF,
totresults,cvdbrdhihf,BrDH  IHF,
totresults,cvdbrdhnihf,BrDH  NIHF,
totresults,deabrdhmit,BrDH die MI,
totresults,deabrdhmi,BrDH die MI no hf,
totresults,deabrdhmihf,BrDH die MI hf,
totresults,deabrdhist,BrDH die IS hosp,
totresults,deabrdhis,BrDH die IS no hf hosp,
totresults,deabrdhishf,BrDH die IS hf hosp,
totresults,dersbrdhist,BrDH die IS comm,
totresults,dersbrdhis,BrDH die IS no hf comm,
totresults,dersbrdhishf,BrDH die IS hf comm,
totresults,deabrdhhst,BrDH die HS hosp,
totresults,deabrdhhs,BrDH die HS no hf hosp,
totresults,deabrdhhshf,BrDH die HS hf hosp,
totresults,dersbrdhhst,BrDH die HS comm,
totresults,dersbrdhhs,BrDH die HS comm,
totresults,dersbrdhhshf,BrDH die HS comm,
totresults,deabrdhhft,BrDH die HF ,
totresults,deabrdhihf,BrDH die IHF ,
totresults,deabrdhnihf,BrDH die NIHF ,
totresults,cvddhangt,DH  ang,
totresults,cvddhang,DH  ang no hf,
totresults,cvddhanghf,DH  ang hf,
totresults,cvddhmit,DH  MI,
totresults,cvddhmi,DH  MI no hf,
totresults,cvddhmihf,DH  MI hf,
totresults,cvddhist,DH  IS,
totresults,cvddhis,DH  IS no hf,
totresults,cvddhishf,DH  IS hf,
totresults,cvddhhst,DH  HS,
totresults,cvddhhs,DH  HS no hf,
totresults,cvddhhshf,DH  HS hf,
totresults,cvddhhft,DH  HF,
totresults,cvddhihf,DH  IHF,
totresults,cvddhnihf,DH  NIHF,
totresults,deadhmit,DH die MI,
totresults,deadhmi,DH die MI no hf,
totresults,deadhmihf,DH die MI hf,
totresults,deadhist,DH die IS hosp,
totresults,deadhis,DH die IS no hf hosp,
totresults,deadhishf,DH die IS hf hosp,
totresults,dersdhist,DH die IS comm,
totresults,dersdhis,DH die IS no hf comm,
totresults,dersdhishf,DH die IS hf comm,
totresults,deadhhst,DH die HS hosp,
totresults,deadhhs,DH die HS no hf hosp,
totresults,deadhhshf,DH die HS hf hosp,
totresults,dersdhhst,DH die HS comm,
totresults,dersdhhs,DH die HS comm,
totresults,dersdhhshf,DH die HS comm,
totresults,deadhhft,DH die HF ,
totresults,deadhihf,DH die IHF ,
totresults,deadhnihf,DH die NIHF ,
totresults,decdhhft,DH chronic HF death,
totresults,decdhihf,DH chronic IHF death,
totresults,decdhnihf,DH chronic NIHF death,
totresults,ntreatde,Number treated (DE),
totresults,ntreatdh,Number treated (DH),
totresults,bhcc,Non-cvd costs,
totresults,chdcst,Total CHD costs,
totresults,dh_intcst,DH intervention costs,
totresults,tpcage,Total prevention costs,
totresults,totstrok$,Total strokes costs,
totresults,ztpopr,Total QALY,
totresults,dhqaly,Total DH QALY,
totresults,depopdia,DE pop no diabetes,
totresults,depophf,DE pop no HF,
totresults,nchditot,,
totresults,nchdi,New intervened CHD cases,
totresults,intdiabinc,New intervened Diabetes cases,
totresults,inthfinc,New intervened HF cases,
totresults,cvdbrdhrevt,BrDH revasc,
totresults,cvdbrdhrev,BrDH revasc no hf,
totresults,cvdbrdhrevhf,BrDH revasc hf,
totresults,cvddhrevt,DH revasc,
totresults,cvddhrev,DH revasc no hf,
totresults,cvddhrevhf,DH revasc hf,
totresults,deabrdhrev,BrDH die revasc,
totresults,deabrdhisolihf,BrDH isol IHF death,
totresults,deabrdhisolnihf,BrDH isol NIHF death,
totresults,dehbrdhisolihf,NA,
totresults,deadhrev,DH die revasc,
totresults,deadhisolihf,DH isol IHF death,
totresults,deadhisolnihf,DH isol NIHF death,
totresults,dehdhisolihf,DH chronic isol IHF death,
totresults,cstnoevtdh,Cost no event DH,
totresults,cstmidh,Cost MI DH,
totresults,cstardh,Cost Arrest DH,
totresults,cstrevdh,Cost revasc DH,
totresults,cstmrevdh,Cost MIrevasc DH,
totresults,cststrdh,Cost IS DH,
totresults,csthstrdh,Cost HS DH,
totresults,cstihfdh,Cost IHF DH,
totresults,cstnihfdh,Cost NIHF DH,
totresults,csthfdh,Cost HF DH,
totresults,cstnoevt,Cost no event  ,
totresults,cstmi,Cost MI ,
totresults,cstar,Cost Arrest ,
totresults,cstmrev,Cost MIrevasc ,
totresults,cststr,Cost IS ,
totresults,csthstr,Cost HS ,
totresults,cststrall,Cost Stroke,
totresults,cstihf,Cost IHF ,
totresults,cstnihf,Cost NIHF ,
totresults,cstisolhf,Cost Isolated HF,
totresults,cstangbr,Cost angina Br,
totresults,cstmibr,Cost MI Br,
totresults,cstarbr,Cost Arrest Br,
totresults,cstmrevbr,Cost MIrevasc Br,
totresults,cststrbr,Cost IS Br,
totresults,csthstrbr,Cost HS Br,
totresults,cstihfbr,Cost IHF Br,
totresults,cstnihfbr,Cost NIHF Br,
totresults,cvdbrdhisolnihf,BrDH isolated NIHF,
totresults,cvddhisolnihf,DH isolated NIHF,
totresults,cvdbrdhisolihf,BrDH isolated IHF,
totresults,cvddhisolihf,DH isolated IHF,
totresults,dh_cstisolhfh,DH cost isolated HF,
totresults,totisolrev,Isolated revasc events,
totresults,totisolhf,Isolated HF events,
totresults,tothfinc,Total HF incidence,
totresults,tothfprev,Total HF prevalence,
totresults,tothfmort,Total HF Mortality,
totresults,tothfcst,Total HF cost,
totresults,xnodi,DE intervened non-CVD deaths,
totresults,intstrok,DE Intervened IS,
totresults,inthstrok,DE Intervened HS,
totresults,DIS_DEINTERV$,Discounted DE intervention $,
totresults,DIS_DHINTERV$,Discounted DH intervention $,
totresults,DIS_DHCHD$,Discounted DH CHD $,
totresults,DIS_DHSTR$,Discounted DH Stroke $,
totresults,DISC_NCVD$,Discounted Non-CVD death $,
totresults,DISC_TOT$,Discounted Total $,
totresults,DISC_LYRS,Discounted Life Years,
totresults,95PLUS_LYRS,95 plus life years,
totresults,DISC_QALY,Discounted QALY,
calib,year,calendar year,
calib,nyear,year,
calib,agerange,age,
calib,sex,sex,
calib,oldnnchd1,DH angina,
calib,oldnnchd2,DH angina_hf,
calib,oldnnchd3,DH mi,
calib,oldnnchd4,DH mi_hf,
calib,oldnnchd5,DH tbd,
calib,oldnnchd6,DH tbd,
calib,oldnnchd7,DH stroke_hf,
calib,oldnnchd8,DH mi_stroke_hf,
calib,oldnnchd9,DH stroke  ,
calib,oldnnchd10,DH mi_stroke ,
calib,oldnnchd11,BrDH mi,
calib,oldnnchd12,BrDH tbd,
calib,oldnnchd13,BrDH arrest  ,
calib,oldnnchd14,BrDH angina,
calib,oldnnchd15,BrDH mirev,
calib,oldnnchd16,BrDH is,
calib,oldnnchd17,BrDH hs,
calib,oldnnchd18,BrDH revasc,
calib,oldnnchd19,BrDH mi_hf,
calib,oldnnchd20,BrDH arrest _hf ,
calib,oldnnchd21,BrDH angina_hf,
calib,oldnnchd22,BrDH mirev_hf,
calib,oldnnchd23,BrDH is_hf,
calib,oldnnchd24,BrDH hs_hf,
calib,oldnnchd25,BrDH revasc_hf,
calib,dhacuted1,DH angina acute death,
calib,dhacuted2,DH angina_hf acute death,
calib,dhacuted3,DH mi acute death,
calib,dhacuted4,DH mi_hf acute death,
calib,dhacuted5,DH tbd acute death,
calib,dhacuted6,DH tbd acute death,
calib,dhacuted7,DH stroke_hf acute death,
calib,dhacuted8,DH mi_stroke_hf acute death,
calib,dhacuted9,DH stroke acute death  ,
calib,dhacuted10,DH mi_stroke acute death ,
calib,dhacuted11,BrDH mi acute death,
calib,dhacuted12,BrDH tbd acute death,
calib,dhacuted13,BrDH arrest acute death  ,
calib,dhacuted14,BrDH angina acute death,
calib,dhacuted15,BrDH mirev acute death,
calib,dhacuted16,BrDH is  acute death,
calib,dhacuted17,BrDH hs  acute death,
calib,dhacuted18,BrDH revasc acute death,
calib,dhacuted19,BrDH mi_hf acute death,
calib,dhacuted20,BrDH arrest _hf acute death ,
calib,dhacuted21,BrDH angina_hf acute death,
calib,dhacuted22,BrDH mirev_hf acute death,
calib,dhacuted23,BrDH is_hf acute death,
calib,dhacuted24,BrDH hs_hf acute death,
calib,dhacuted25,BrDH revasc_hf acute death,
calib,dhmitot1,DH MI after angina,
calib,dhmitot2,DH MI after angina_hf,
calib,dhmitot3,DH MI after mi,
calib,dhmitot4,DH MI after mi_hf,
calib,dhmitot5,DH MI after tbd,
calib,dhmitot6,DH MI after tbd,
calib,dhmitot7,DH MI after stroke_hf,
calib,dhmitot8,DH MI after mi_stroke_hf,
calib,dhmitot9,DH MI after stroke  ,
calib,dhmitot10,DH MI after mi_stroke ,
calib,dhmitot11,BrDH MI after mi,
calib,dhmitot12,BrDH MI after tbd,
calib,dhmitot13,BrDH MI after arrest  ,
calib,dhmitot14,BrDH MI after angina,
calib,dhmitot15,BrDH MI after mirev,
calib,dhmitot16,BrDH MI after is,
calib,dhmitot17,BrDH MI after hs,
calib,dhmitot18,BrDH MI after revasc,
calib,dhmitot19,BrDH MI after mi_hf,
calib,dhmitot20,BrDH MI after arrest _hf ,
calib,dhmitot21,BrDH MI after angina_hf,
calib,dhmitot22,BrDH MI after mirev_hf,
calib,dhmitot23,BrDH MI after is_hf,
calib,dhmitot24,BrDH MI after hs_hf,
calib,dhmitot25,BrDH MI after revasc_hf,
calib,dhstrtot1,DH Stroke after angina,
calib,dhstrtot2,DH Stroke after angina_hf,
calib,dhstrtot3,DH Stroke after MI,
calib,dhstrtot4,DH Stroke after MI_hf,
calib,dhstrtot5,DH Stroke after tbd,
calib,dhstrtot6,DH Stroke after tbd,
calib,dhstrtot7,DH Stroke after stroke_hf,
calib,dhstrtot8,DH Stroke after MI_stroke_hf,
calib,dhstrtot9,DH Stroke after stroke  ,
calib,dhstrtot10,DH Stroke after MI_stroke ,
calib,dhstrtot11,BrDH Stroke after MI,
calib,dhstrtot12,BrDH Stroke after tbd,
calib,dhstrtot13,BrDH Stroke after arrest  ,
calib,dhstrtot14,BrDH Stroke after angina,
calib,dhstrtot15,BrDH Stroke after MIrev,
calib,dhstrtot16,BrDH Stroke after is,
calib,dhstrtot17,BrDH Stroke after hs,
calib,dhstrtot18,BrDH Stroke after revasc,
calib,dhstrtot19,BrDH Stroke after MI_hf,
calib,dhstrtot20,BrDH Stroke after arrest _hf ,
calib,dhstrtot21,BrDH Stroke after angina_hf,
calib,dhstrtot22,BrDH Stroke afterMIrev_hf,
calib,dhstrtot23,BrDH Stroke after is_hf,
calib,dhstrtot24,BrDH Stroke after hs_hf,
calib,dhstrtot25,BrDH Stroke after revasc_hf,
calib,dhhftot1,DH HF after angina,
calib,dhhftot2,DH HF after angina_hf,
calib,dhhftot3,DH HF after MI,
calib,dhhftot4,DH HF after MI_hf,
calib,dhhftot5,DH HF after tbd,
calib,dhhftot6,DH HF after tbd,
calib,dhhftot7,DH HF after Stroke_hf,
calib,dhhftot8,DH HF after MI_stroke_hf,
calib,dhhftot9,DH HF after Stroke ,
calib,dhhftot10,DH HF after MI_Stroke  ,
calib,dhhftot11,BrDH HF after MI,
calib,dhhftot12,BrDH HF after tbd,
calib,dhhftot13,BrDH HF after arrest  ,
calib,dhhftot14,BrDH HF after angina,
calib,dhhftot15,BrDH HF after MIrev,
calib,dhhftot16,BrDH HF after is,
calib,dhhftot17,BrDH HF after hs,
calib,dhhftot18,BrDH HF after revasc,
calib,dhhftot19,BrDH HF after MI_hf,
calib,dhhftot20,BrDH HF after arrest _hf ,
calib,dhhftot21,BrDH HF after angina_hf,
calib,dhhftot22,BrDH HF after MIrev_hf,
calib,dhhftot23,BrDH HF after is_hf,
calib,dhhftot24,BrDH HF after hs_hf,
calib,dhhftot25,BrDH HF after revasc_hf,
calib,dhevtdeath1,DH angina CHD death,
calib,dhevtdeath2,DH angina_hf CHD death,
calib,dhevtdeath3,DH mi CHD death,
calib,dhevtdeath4,DH mi_hf CHD death,
calib,dhevtdeath5,DH tbd CHD death,
calib,dhevtdeath6,DH tbd CHD death,
calib,dhevtdeath7,DH stroke_hf CHD death,
calib,dhevtdeath8,DH mi_stroke_hf CHD death,
calib,dhevtdeath9,DH stroke CHD death  ,
calib,dhevtdeath10,DH mi_stroke CHD death ,
calib,sbp1,SBP 1 prev rate,
calib,ldl1,LDL 1 prev rate,
calib,smok1,Smoke 1 prev rate,
calib,hdl1,hdl 1 prev rate,
calib,bmi1,BMI 1 prev rate,
calib,diab1,Diab 1 prev rate,
calib,nihf1,NIHF 1 prev rate,
calib,new1,RF8 1 prev rate,
calib,sbp2,SBP 2 prev rate,
calib,ldl2,LDL 2 prev rate,
calib,smok2,Smoke 2 prev rate,
calib,hdl2,hdl 2 prev rate,
calib,bmi2,BMI 2 prev rate,
calib,diab2,Diab 2 prev rate,
calib,nihf2,NIHF 2 prev rate,
calib,new2,RF8 2 prev rate,
calib,sbp3,SBP 3 prev rate,
calib,ldl3,LDL 3 prev rate,
calib,smok3,Smoke 3 prev rate,
calib,hdl3,hdl 3 prev rate,
calib,bmi3,BMI 3 prev rate,
calib,diab3,Diab 3 prev rate,
calib,nihf3,NIHF 3 prev rate,
calib,new3,RF8 3 prev rate,
